{"__symbolic":"module","version":4,"metadata":{"CanvasWhiteboardComponent":{"__symbolic":"class","decorators":[{"__symbolic":"call","expression":{"__symbolic":"reference","module":"@angular/core","name":"Component","line":22,"character":1},"arguments":[{"selector":"canvas-whiteboard","template":"\n        <div class=\"canvas_wrapper_div\">\n            <div class=\"canvas_whiteboard_buttons\">\n                <canvas-whiteboard-shape-selector *ngIf=\"shapeSelectorEnabled\"\n                                                  [showShapeSelector]=\"showShapeSelector\"\n                                                  [selectedShapeConstructor]=\"selectedShapeConstructor\"\n                                                  [shapeOptions]=\"generateShapePreviewOptions()\"\n                                                  (onToggleShapeSelector)=\"toggleShapeSelector($event)\"\n                                                  (onShapeSelected)=\"selectShape($event)\"></canvas-whiteboard-shape-selector>\n\n                <canvas-whiteboard-colorpicker *ngIf=\"colorPickerEnabled\"\n                                               [previewText]=\"'Fill'\"\n                                               [showColorPicker]=\"showFillColorPicker\"\n                                               [selectedColor]=\"fillColor\"\n                                               (onToggleColorPicker)=\"toggleFillColorPicker($event)\"\n                                               (onColorSelected)=\"changeFillColor($event)\">\n                </canvas-whiteboard-colorpicker>\n\n                <canvas-whiteboard-colorpicker *ngIf=\"colorPickerEnabled\"\n                                               [previewText]=\"'Stroke'\"\n                                               [showColorPicker]=\"showStrokeColorPicker\"\n                                               [selectedColor]=\"strokeColor\"\n                                               (onToggleColorPicker)=\"toggleStrokeColorPicker($event)\"\n                                               (onColorSelected)=\"changeStrokeColor($event)\">\n                </canvas-whiteboard-colorpicker>\n\n\n                <button *ngIf=\"drawButtonEnabled\" (click)=\"toggleDrawingEnabled()\"\n                        [class.canvas_whiteboard_button-draw_animated]=\"getDrawingEnabled()\"\n                        class=\"canvas_whiteboard_button canvas_whiteboard_button-draw\" type=\"button\">\n                    <i [class]=\"drawButtonClass\" aria-hidden=\"true\"></i> {{drawButtonText}}\n                </button>\n\n                <button *ngIf=\"clearButtonEnabled\" (click)=\"clearCanvasLocal()\" type=\"button\"\n                        class=\"canvas_whiteboard_button canvas_whiteboard_button-clear\">\n                    <i [class]=\"clearButtonClass\" aria-hidden=\"true\"></i> {{clearButtonText}}\n                </button>\n\n                <button *ngIf=\"undoButtonEnabled\" (click)=\"undoLocal()\" type=\"button\"\n                        class=\"canvas_whiteboard_button canvas_whiteboard_button-undo\">\n                    <i [class]=\"undoButtonClass\" aria-hidden=\"true\"></i> {{undoButtonText}}\n                </button>\n\n                <button *ngIf=\"redoButtonEnabled\" (click)=\"redoLocal()\" type=\"button\"\n                        class=\"canvas_whiteboard_button canvas_whiteboard_button-redo\">\n                    <i [class]=\"redoButtonClass\" aria-hidden=\"true\"></i> {{redoButtonText}}\n                </button>\n                <button *ngIf=\"saveDataButtonEnabled\" (click)=\"saveLocal()\" type=\"button\"\n                        class=\"canvas_whiteboard_button canvas_whiteboard_button-save\">\n                    <i [class]=\"saveDataButtonClass\" aria-hidden=\"true\"></i> {{saveDataButtonText}}\n                </button>\n            </div>\n            <canvas #canvas class=\"canvas_whiteboard\"></canvas>\n            <canvas #incompleteShapesCanvas class=\"incomplete_shapes_canvas_whiteboard\"\n                    (mousedown)=\"canvasUserEvents($event)\" (mouseup)=\"canvasUserEvents($event)\"\n                    (mousemove)=\"canvasUserEvents($event)\" (mouseout)=\"canvasUserEvents($event)\"\n                    (touchstart)=\"canvasUserEvents($event)\" (touchmove)=\"canvasUserEvents($event)\"\n                    (touchend)=\"canvasUserEvents($event)\" (touchcancel)=\"canvasUserEvents($event)\"></canvas>\n        </div>\n    ","styles":[{"__symbolic":"reference","name":"DEFAULT_STYLES"}]}]}],"members":{"options":[{"__symbolic":"property","decorators":[{"__symbolic":"call","expression":{"__symbolic":"reference","module":"@angular/core","name":"Input","line":88,"character":5}}]}],"batchUpdateTimeoutDuration":[{"__symbolic":"property","decorators":[{"__symbolic":"call","expression":{"__symbolic":"reference","module":"@angular/core","name":"Input","line":91,"character":5}}]}],"imageUrl":[{"__symbolic":"property","decorators":[{"__symbolic":"call","expression":{"__symbolic":"reference","module":"@angular/core","name":"Input","line":94,"character":5}}]}],"aspectRatio":[{"__symbolic":"property","decorators":[{"__symbolic":"call","expression":{"__symbolic":"reference","module":"@angular/core","name":"Input","line":104,"character":5}}]}],"drawButtonClass":[{"__symbolic":"property","decorators":[{"__symbolic":"call","expression":{"__symbolic":"reference","module":"@angular/core","name":"Input","line":105,"character":5}}]}],"clearButtonClass":[{"__symbolic":"property","decorators":[{"__symbolic":"call","expression":{"__symbolic":"reference","module":"@angular/core","name":"Input","line":106,"character":5}}]}],"undoButtonClass":[{"__symbolic":"property","decorators":[{"__symbolic":"call","expression":{"__symbolic":"reference","module":"@angular/core","name":"Input","line":107,"character":5}}]}],"redoButtonClass":[{"__symbolic":"property","decorators":[{"__symbolic":"call","expression":{"__symbolic":"reference","module":"@angular/core","name":"Input","line":108,"character":5}}]}],"saveDataButtonClass":[{"__symbolic":"property","decorators":[{"__symbolic":"call","expression":{"__symbolic":"reference","module":"@angular/core","name":"Input","line":109,"character":5}}]}],"drawButtonText":[{"__symbolic":"property","decorators":[{"__symbolic":"call","expression":{"__symbolic":"reference","module":"@angular/core","name":"Input","line":110,"character":5}}]}],"clearButtonText":[{"__symbolic":"property","decorators":[{"__symbolic":"call","expression":{"__symbolic":"reference","module":"@angular/core","name":"Input","line":111,"character":5}}]}],"undoButtonText":[{"__symbolic":"property","decorators":[{"__symbolic":"call","expression":{"__symbolic":"reference","module":"@angular/core","name":"Input","line":112,"character":5}}]}],"redoButtonText":[{"__symbolic":"property","decorators":[{"__symbolic":"call","expression":{"__symbolic":"reference","module":"@angular/core","name":"Input","line":113,"character":5}}]}],"saveDataButtonText":[{"__symbolic":"property","decorators":[{"__symbolic":"call","expression":{"__symbolic":"reference","module":"@angular/core","name":"Input","line":114,"character":5}}]}],"drawButtonEnabled":[{"__symbolic":"property","decorators":[{"__symbolic":"call","expression":{"__symbolic":"reference","module":"@angular/core","name":"Input","line":115,"character":5}}]}],"clearButtonEnabled":[{"__symbolic":"property","decorators":[{"__symbolic":"call","expression":{"__symbolic":"reference","module":"@angular/core","name":"Input","line":116,"character":5}}]}],"undoButtonEnabled":[{"__symbolic":"property","decorators":[{"__symbolic":"call","expression":{"__symbolic":"reference","module":"@angular/core","name":"Input","line":117,"character":5}}]}],"redoButtonEnabled":[{"__symbolic":"property","decorators":[{"__symbolic":"call","expression":{"__symbolic":"reference","module":"@angular/core","name":"Input","line":118,"character":5}}]}],"saveDataButtonEnabled":[{"__symbolic":"property","decorators":[{"__symbolic":"call","expression":{"__symbolic":"reference","module":"@angular/core","name":"Input","line":119,"character":5}}]}],"shouldDownloadDrawing":[{"__symbolic":"property","decorators":[{"__symbolic":"call","expression":{"__symbolic":"reference","module":"@angular/core","name":"Input","line":120,"character":5}}]}],"colorPickerEnabled":[{"__symbolic":"property","decorators":[{"__symbolic":"call","expression":{"__symbolic":"reference","module":"@angular/core","name":"Input","line":121,"character":5}}]}],"lineWidth":[{"__symbolic":"property","decorators":[{"__symbolic":"call","expression":{"__symbolic":"reference","module":"@angular/core","name":"Input","line":122,"character":5}}]}],"strokeColor":[{"__symbolic":"property","decorators":[{"__symbolic":"call","expression":{"__symbolic":"reference","module":"@angular/core","name":"Input","line":123,"character":5}}]}],"startingColor":[{"__symbolic":"property","decorators":[{"__symbolic":"call","expression":{"__symbolic":"reference","module":"@angular/core","name":"Input","line":124,"character":5}}]}],"scaleFactor":[{"__symbolic":"property","decorators":[{"__symbolic":"call","expression":{"__symbolic":"reference","module":"@angular/core","name":"Input","line":125,"character":5}}]}],"drawingEnabled":[{"__symbolic":"property","decorators":[{"__symbolic":"call","expression":{"__symbolic":"reference","module":"@angular/core","name":"Input","line":126,"character":5}}]}],"showStrokeColorPicker":[{"__symbolic":"property","decorators":[{"__symbolic":"call","expression":{"__symbolic":"reference","module":"@angular/core","name":"Input","line":127,"character":5}}]}],"showFillColorPicker":[{"__symbolic":"property","decorators":[{"__symbolic":"call","expression":{"__symbolic":"reference","module":"@angular/core","name":"Input","line":128,"character":5}}]}],"downloadedFileName":[{"__symbolic":"property","decorators":[{"__symbolic":"call","expression":{"__symbolic":"reference","module":"@angular/core","name":"Input","line":129,"character":5}}]}],"lineJoin":[{"__symbolic":"property","decorators":[{"__symbolic":"call","expression":{"__symbolic":"reference","module":"@angular/core","name":"Input","line":131,"character":5}}]}],"lineCap":[{"__symbolic":"property","decorators":[{"__symbolic":"call","expression":{"__symbolic":"reference","module":"@angular/core","name":"Input","line":132,"character":5}}]}],"shapeSelectorEnabled":[{"__symbolic":"property","decorators":[{"__symbolic":"call","expression":{"__symbolic":"reference","module":"@angular/core","name":"Input","line":133,"character":5}}]}],"showShapeSelector":[{"__symbolic":"property","decorators":[{"__symbolic":"call","expression":{"__symbolic":"reference","module":"@angular/core","name":"Input","line":134,"character":5}}]}],"fillColor":[{"__symbolic":"property","decorators":[{"__symbolic":"call","expression":{"__symbolic":"reference","module":"@angular/core","name":"Input","line":135,"character":5}}]}],"onClear":[{"__symbolic":"property","decorators":[{"__symbolic":"call","expression":{"__symbolic":"reference","module":"@angular/core","name":"Output","line":137,"character":5}}]}],"onUndo":[{"__symbolic":"property","decorators":[{"__symbolic":"call","expression":{"__symbolic":"reference","module":"@angular/core","name":"Output","line":138,"character":5}}]}],"onRedo":[{"__symbolic":"property","decorators":[{"__symbolic":"call","expression":{"__symbolic":"reference","module":"@angular/core","name":"Output","line":139,"character":5}}]}],"onBatchUpdate":[{"__symbolic":"property","decorators":[{"__symbolic":"call","expression":{"__symbolic":"reference","module":"@angular/core","name":"Output","line":140,"character":5}}]}],"onImageLoaded":[{"__symbolic":"property","decorators":[{"__symbolic":"call","expression":{"__symbolic":"reference","module":"@angular/core","name":"Output","line":141,"character":5}}]}],"onSave":[{"__symbolic":"property","decorators":[{"__symbolic":"call","expression":{"__symbolic":"reference","module":"@angular/core","name":"Output","line":142,"character":5}}]}],"canvas":[{"__symbolic":"property","decorators":[{"__symbolic":"call","expression":{"__symbolic":"reference","module":"@angular/core","name":"ViewChild","line":144,"character":5},"arguments":["canvas"]}]}],"_incompleteShapesCanvas":[{"__symbolic":"property","decorators":[{"__symbolic":"call","expression":{"__symbolic":"reference","module":"@angular/core","name":"ViewChild","line":147,"character":5},"arguments":["incompleteShapesCanvas"]}]}],"__ctor__":[{"__symbolic":"constructor","parameters":[{"__symbolic":"reference","module":"@angular/core","name":"NgZone","line":175,"character":32},{"__symbolic":"reference","module":"@angular/core","name":"ChangeDetectorRef","line":176,"character":41},{"__symbolic":"reference","name":"CanvasWhiteboardService"},{"__symbolic":"reference","name":"CanvasWhiteboardShapeService"}]}],"ngOnInit":[{"__symbolic":"method"}],"ngOnChanges":[{"__symbolic":"method"}],"ngAfterViewInit":[{"__symbolic":"method"}],"_initInputsFromOptions":[{"__symbolic":"method"}],"_isNullOrUndefined":[{"__symbolic":"method"}],"_initCanvasEventListeners":[{"__symbolic":"method"}],"_initCanvasServiceObservables":[{"__symbolic":"method"}],"_calculateCanvasWidthAndHeight":[{"__symbolic":"method"}],"_loadImage":[{"__symbolic":"method"}],"clearCanvasLocal":[{"__symbolic":"method"}],"clearCanvas":[{"__symbolic":"method"}],"_removeCanvasData":[{"__symbolic":"method"}],"_redrawBackground":[{"__symbolic":"method"}],"_drawStartingColor":[{"__symbolic":"method"}],"getShouldDraw":[{"__symbolic":"method"}],"getDrawingEnabled":[{"__symbolic":"method"}],"toggleDrawingEnabled":[{"__symbolic":"method"}],"setDrawingEnabled":[{"__symbolic":"method"}],"changeColor":[{"__symbolic":"method"}],"changeStrokeColor":[{"__symbolic":"method"}],"changeFillColor":[{"__symbolic":"method"}],"undoLocal":[{"__symbolic":"method"}],"undo":[{"__symbolic":"method"}],"_undoCanvas":[{"__symbolic":"method"}],"redoLocal":[{"__symbolic":"method"}],"redo":[{"__symbolic":"method"}],"_redoCanvas":[{"__symbolic":"method"}],"canvasUserEvents":[{"__symbolic":"method"}],"_getCanvasEventPosition":[{"__symbolic":"method"}],"_prepareToSendUpdate":[{"__symbolic":"method"}],"_canvasKeyDown":[{"__symbolic":"method"}],"_redrawCanvasOnResize":[{"__symbolic":"method"}],"_redrawHistory":[{"__symbolic":"method"}],"_draw":[{"__symbolic":"method"}],"_drawIncompleteShapes":[{"__symbolic":"method"}],"_swapCompletedShapeToActualCanvas":[{"__symbolic":"method"}],"_resetIncompleteShapeCanvas":[{"__symbolic":"method"}],"drawAllShapes":[{"__symbolic":"method"}],"_addCurrentShapeDataToAnUpdate":[{"__symbolic":"method"}],"generateShapePreviewOptions":[{"__symbolic":"method"}],"_prepareUpdateForBatchDispatch":[{"__symbolic":"method"}],"drawUpdates":[{"__symbolic":"method"}],"_drawMissingUpdates":[{"__symbolic":"method"}],"_drawImage":[{"__symbolic":"method"}],"generateCanvasDataUrl":[{"__symbolic":"method"}],"generateCanvasBlob":[{"__symbolic":"method"}],"downloadCanvasImage":[{"__symbolic":"method"}],"_saveCanvasBlob":[{"__symbolic":"method"}],"generateCanvasData":[{"__symbolic":"method"}],"saveLocal":[{"__symbolic":"method"}],"_generateDataTypeString":[{"__symbolic":"method"}],"toggleStrokeColorPicker":[{"__symbolic":"method"}],"toggleFillColorPicker":[{"__symbolic":"method"}],"toggleShapeSelector":[{"__symbolic":"method"}],"selectShape":[{"__symbolic":"method"}],"getDrawingHistory":[{"__symbolic":"method"}],"_unsubscribe":[{"__symbolic":"method"}],"_generateUUID":[{"__symbolic":"method"}],"_random4":[{"__symbolic":"method"}],"ngOnDestroy":[{"__symbolic":"method"}]}},"CanvasWhiteboardUpdate":{"__symbolic":"class","members":{"__ctor__":[{"__symbolic":"constructor","parameters":[{"__symbolic":"reference","name":"number"},{"__symbolic":"reference","name":"number"},{"__symbolic":"error","message":"Could not resolve type","line":37,"character":23,"context":{"typeName":"CanvasWhiteboardUpdateType"},"module":"./src/canvas-whiteboard-update.model"},{"__symbolic":"reference","name":"string"},{"__symbolic":"reference","name":"string"},{"__symbolic":"reference","name":"CanvasWhiteboardShapeOptions"}]}],"stringify":[{"__symbolic":"method"}]}},"CanvasWhiteboardService":{"__symbolic":"class","members":{"drawCanvas":[{"__symbolic":"method"}],"clearCanvas":[{"__symbolic":"method"}],"undoCanvas":[{"__symbolic":"method"}],"redoCanvas":[{"__symbolic":"method"}]}},"CanvasWhiteboardOptions":{"__symbolic":"interface"},"CanvasWhiteboardPoint":{"__symbolic":"class","members":{"__ctor__":[{"__symbolic":"constructor","parameters":[{"__symbolic":"reference","name":"number"},{"__symbolic":"reference","name":"number"}]}]}},"CanvasWhiteboardShape":{"__symbolic":"class","members":{"__ctor__":[{"__symbolic":"constructor","parameters":[{"__symbolic":"reference","name":"CanvasWhiteboardPoint"},{"__symbolic":"reference","name":"CanvasWhiteboardShapeOptions"}]}],"getShapeName":[{"__symbolic":"method"}],"onUpdateReceived":[{"__symbolic":"method"}],"onStopReceived":[{"__symbolic":"method"}],"draw":[{"__symbolic":"method"}],"drawPreview":[{"__symbolic":"method"}]}},"CanvasWhiteboardShapeOptions":{"__symbolic":"class","members":{"__ctor__":[{"__symbolic":"constructor"}]}},"CanvasWhiteboardShapeService":{"__symbolic":"class","decorators":[{"__symbolic":"call","expression":{"__symbolic":"reference","module":"@angular/core","name":"Injectable","line":16,"character":1}}],"members":{"__ctor__":[{"__symbolic":"constructor"}],"getShapeConstructorFromShapeName":[{"__symbolic":"method"}],"getCurrentRegisteredShapes":[{"__symbolic":"method"}],"isRegisteredShape":[{"__symbolic":"method"}],"registerShape":[{"__symbolic":"method"}],"registerShapes":[{"__symbolic":"method"}],"unregisterShape":[{"__symbolic":"method"}],"unregisterShapes":[{"__symbolic":"method"}]}},"RectangleShape":{"__symbolic":"class","extends":{"__symbolic":"reference","name":"CanvasWhiteboardShape"},"members":{"__ctor__":[{"__symbolic":"constructor","parameters":[{"__symbolic":"reference","name":"CanvasWhiteboardPoint"},{"__symbolic":"reference","name":"CanvasWhiteboardShapeOptions"},{"__symbolic":"reference","name":"number"},{"__symbolic":"reference","name":"number"}]}],"getShapeName":[{"__symbolic":"method"}],"draw":[{"__symbolic":"method"}],"drawPreview":[{"__symbolic":"method"}],"onUpdateReceived":[{"__symbolic":"method"}]}},"CircleShape":{"__symbolic":"class","extends":{"__symbolic":"reference","name":"CanvasWhiteboardShape"},"members":{"__ctor__":[{"__symbolic":"constructor","parameters":[{"__symbolic":"reference","name":"CanvasWhiteboardPoint"},{"__symbolic":"reference","name":"CanvasWhiteboardShapeOptions"},{"__symbolic":"reference","name":"number"}]}],"getShapeName":[{"__symbolic":"method"}],"draw":[{"__symbolic":"method"}],"drawPreview":[{"__symbolic":"method"}],"onUpdateReceived":[{"__symbolic":"method"}],"calculateRadius":[{"__symbolic":"method"}]}},"CanvasWhiteboardShapeSelectorComponent":{"__symbolic":"class","decorators":[{"__symbolic":"call","expression":{"__symbolic":"reference","module":"@angular/core","name":"Component","line":12,"character":1},"arguments":[{"selector":"canvas-whiteboard-shape-selector","host":{"(document:mousedown)":"closeOnExternalClick($event)","(document:touchstart)":"closeOnExternalClick($event)","$quoted$":["(document:mousedown)","(document:touchstart)"]},"template":"\n        <div *ngIf=\"!showShapeSelector\" (click)=\"toggleShapeSelector($event)\"\n             class=\"canvas-whiteboard-shape-selector-selected-preview\">\n            <canvas-whiteboard-shape-preview [shapeConstructor]=\"selectedShapeConstructor\"\n                                             [shapeOptions]=\"shapeOptions\"></canvas-whiteboard-shape-preview>\n        </div>\n        <div class=\"canvas-whiteboard-shape-selector-wrapper\" *ngIf=\"showShapeSelector\">\n            <canvas-whiteboard-shape-preview *ngFor=\"let shapeConstructor of registeredShapes$ | async\"\n                                             [shapeConstructor]=\"shapeConstructor\"\n                                             [shapeOptions]=\"shapeOptions\"\n                                             (click)=\"selectShape(shapeConstructor)\"></canvas-whiteboard-shape-preview>\n        </div>\n    ","styles":["\n        .canvas-whiteboard-shape-selector-selected-preview {\n            vertical-align: bottom;\n            display: inline-block;\n        }\n\n        .canvas-whiteboard-shape-selector-wrapper {\n            display: block;\n            padding: 4px;\n            border: 1px solid #afafaf;\n        }\n\n        @media (min-width: 401px) {\n            .canvas-whiteboard-shape-selector-wrapper {\n            }\n        }\n    "]}]}],"members":{"showShapeSelector":[{"__symbolic":"property","decorators":[{"__symbolic":"call","expression":{"__symbolic":"reference","module":"@angular/core","name":"Input","line":50,"character":5}}]}],"selectedShapeConstructor":[{"__symbolic":"property","decorators":[{"__symbolic":"call","expression":{"__symbolic":"reference","module":"@angular/core","name":"Input","line":51,"character":5}}]}],"shapeOptions":[{"__symbolic":"property","decorators":[{"__symbolic":"call","expression":{"__symbolic":"reference","module":"@angular/core","name":"Input","line":52,"character":5}}]}],"onToggleShapeSelector":[{"__symbolic":"property","decorators":[{"__symbolic":"call","expression":{"__symbolic":"reference","module":"@angular/core","name":"Output","line":54,"character":5}}]}],"onShapeSelected":[{"__symbolic":"property","decorators":[{"__symbolic":"call","expression":{"__symbolic":"reference","module":"@angular/core","name":"Output","line":55,"character":5}}]}],"__ctor__":[{"__symbolic":"constructor","parameters":[{"__symbolic":"reference","module":"@angular/core","name":"ElementRef","line":59,"character":37},{"__symbolic":"reference","name":"CanvasWhiteboardShapeService"}]}],"selectShape":[{"__symbolic":"method"}],"closeOnExternalClick":[{"__symbolic":"method"}],"toggleShapeSelector":[{"__symbolic":"method"}]}},"CanvasWhiteboardColorPickerComponent":{"__symbolic":"class","decorators":[{"__symbolic":"call","expression":{"__symbolic":"reference","module":"@angular/core","name":"Component","line":6,"character":1},"arguments":[{"selector":"canvas-whiteboard-colorpicker","host":{"(document:mousedown)":"closeOnExternalClick($event)","(document:touchstart)":"closeOnExternalClick($event)","$quoted$":["(document:mousedown)","(document:touchstart)"]},"template":"\n        <div [hidden]=\"showColorPicker\" class=\"canvas-whiteboard-colorpicker-input\"\n               (click)=\"toggleColorPicker($event)\">\n               <div class=\"selected-color-type-wrapper\">{{previewText}}</div>\n               <div class=\"selected-color-preview\" [style.background]=\"selectedColor\"></div>\n        </div>\n        <div [hidden]=\"!showColorPicker\" class=\"canvas-whiteboard-colorpicker-wrapper\">\n            <div (click)=\"selectColor('transparent')\" class=\"transparent-color\">Transparent</div>\n            <canvas #canvaswhiteboardcolorpicker class=\"canvas-whiteboard-colorpicker\" width=\"284\" height=\"155\"\n                    (click)=\"selectColor(determineColorFromCanvas($event))\"></canvas>\n        </div>\n    ","styles":["\n        .selected-color-preview {\n            width: 100%;\n            height: 20%;\n            position: absolute;\n            bottom: 0;\n            left: 0;\n        }\n        \n        .selected-color-type-wrapper {\n            display: inline-block;\n            height: 100%;\n            width: 100%;\n            text-align: center;\n            font-size: 14px;\n            color: #000;\n        }\n        \n        .transparent-color {\n            font-size: 14px;\n        }\n        \n        .canvas-whiteboard-colorpicker-wrapper {\n            border: 1px solid #afafaf;\n            color: #000;\n        }\n\n        @media (min-width: 401px) {\n            .canvas-whiteboard-colorpicker-wrapper {\n                position: absolute;\n            }\n        }\n\n        .canvas-whiteboard-colorpicker-input {\n            display: inline-block;\n            position:relative;\n            width: 44px;\n            height: 44px;\n            margin: 5px;\n            cursor: pointer;\n            color: #000;\n        }\n    "]}]}],"members":{"previewText":[{"__symbolic":"property","decorators":[{"__symbolic":"call","expression":{"__symbolic":"reference","module":"@angular/core","name":"Input","line":70,"character":5}}]}],"selectedColor":[{"__symbolic":"property","decorators":[{"__symbolic":"call","expression":{"__symbolic":"reference","module":"@angular/core","name":"Input","line":71,"character":5}}]}],"canvas":[{"__symbolic":"property","decorators":[{"__symbolic":"call","expression":{"__symbolic":"reference","module":"@angular/core","name":"ViewChild","line":72,"character":5},"arguments":["canvaswhiteboardcolorpicker"]}]}],"showColorPicker":[{"__symbolic":"property","decorators":[{"__symbolic":"call","expression":{"__symbolic":"reference","module":"@angular/core","name":"Input","line":74,"character":5}}]}],"onToggleColorPicker":[{"__symbolic":"property","decorators":[{"__symbolic":"call","expression":{"__symbolic":"reference","module":"@angular/core","name":"Output","line":77,"character":5}}]}],"onColorSelected":[{"__symbolic":"property","decorators":[{"__symbolic":"call","expression":{"__symbolic":"reference","module":"@angular/core","name":"Output","line":78,"character":5}}]}],"onSecondaryColorSelected":[{"__symbolic":"property","decorators":[{"__symbolic":"call","expression":{"__symbolic":"reference","module":"@angular/core","name":"Output","line":79,"character":5}}]}],"__ctor__":[{"__symbolic":"constructor","parameters":[{"__symbolic":"reference","module":"@angular/core","name":"ElementRef","line":81,"character":37}]}],"ngOnInit":[{"__symbolic":"method"}],"createColorPalette":[{"__symbolic":"method"}],"closeOnExternalClick":[{"__symbolic":"method"}],"toggleColorPicker":[{"__symbolic":"method"}],"determineColorFromCanvas":[{"__symbolic":"method"}],"selectColor":[{"__symbolic":"method"}]}},"CanvasWhiteboardShapePreviewComponent":{"__symbolic":"class","decorators":[{"__symbolic":"call","expression":{"__symbolic":"reference","module":"@angular/core","name":"Component","line":14,"character":1},"arguments":[{"selector":"canvas-whiteboard-shape-preview","template":"\n        <canvas #canvasWhiteboardShapePreview width=\"50px\" height=\"50px\"\n                class=\"canvas-whiteboard-shape-preview-canvas\"></canvas>\n    ","styles":["\n        .canvas-whiteboard-shape-preview-canvas {\n            cursor: pointer;\n        }\n    "]}]}],"members":{"shapeConstructor":[{"__symbolic":"property","decorators":[{"__symbolic":"call","expression":{"__symbolic":"reference","module":"@angular/core","name":"Input","line":27,"character":5}}]}],"shapeOptions":[{"__symbolic":"property","decorators":[{"__symbolic":"call","expression":{"__symbolic":"reference","module":"@angular/core","name":"Input","line":28,"character":5}}]}],"canvas":[{"__symbolic":"property","decorators":[{"__symbolic":"call","expression":{"__symbolic":"reference","module":"@angular/core","name":"ViewChild","line":30,"character":5},"arguments":["canvasWhiteboardShapePreview"]}]}],"ngAfterViewInit":[{"__symbolic":"method"}],"ngOnChanges":[{"__symbolic":"method"}],"drawShapePreview":[{"__symbolic":"method"}]}},"CanvasWhiteboardModule":{"__symbolic":"class","decorators":[{"__symbolic":"call","expression":{"__symbolic":"reference","module":"@angular/core","name":"NgModule","line":9,"character":1},"arguments":[{"imports":[{"__symbolic":"reference","module":"@angular/common","name":"CommonModule","line":11,"character":8}],"declarations":[{"__symbolic":"reference","name":"CanvasWhiteboardComponent"},{"__symbolic":"reference","name":"CanvasWhiteboardColorPickerComponent"},{"__symbolic":"reference","name":"CanvasWhiteboardShapeSelectorComponent"},{"__symbolic":"reference","name":"CanvasWhiteboardShapePreviewComponent"}],"providers":[{"__symbolic":"reference","name":"CanvasWhiteboardService"},{"__symbolic":"reference","name":"CanvasWhiteboardShapeService"}],"exports":[{"__symbolic":"reference","name":"CanvasWhiteboardComponent"}]}]}],"members":{}},"DEFAULT_STYLES":"\n.canvas_whiteboard_button {\n    display: inline-block;\n    outline: 0px;\n    padding-top: 7px;\n    margin-bottom: 0;\n    font-size: 14px;\n    font-weight: 400;\n    line-height: 1.42857143;\n    text-align: center;\n    white-space: nowrap;\n    vertical-align: middle;\n    -ms-touch-action: manipulation;\n    touch-action: manipulation;\n    cursor: pointer;\n    -webkit-user-select: none;\n    -moz-user-select: none;\n    -ms-user-select: none;\n    user-select: none;\n    background-image: none;\n    border: 1px solid transparent;\n    border-radius: 4px;\n}\n\n.canvas_whiteboard_buttons { \n    z-index: 3;\n}\n\n@media (max-width: 400px) {\n     .canvas_whiteboard_buttons {\n            position: absolute;\n            z-inde\n            top: 0;\n            width: 100%;\n            text-align: center;\n      }\n}\n        \n@media (min-width: 401px) { \n    .canvas_whiteboard_buttons {\n        position: absolute;\n        right: 0%;\n        color: #fff;\n    }\n}\n\n.canvas_whiteboard_buttons {\n    padding: 5px;\n}\n\n.canvas_whiteboard_buttons > button {\n    margin: 5px;\n}\n\n.canvas_whiteboard_button-draw_animated {\n    -webkit-animation: pulsate 1s ease-out;\n    -webkit-animation-iteration-count: infinite;\n}\n\n@-webkit-keyframes pulsate {\n    0% {\n        -webkit-transform: scale(0.1, 0.1);\n        opacity: 0.0;\n    }\n    50% {\n        opacity: 1.0;\n    }\n    100% {\n        -webkit-transform: scale(1.2, 1.2);\n        opacity: 0.0;\n    }\n}\n.canvas_wrapper_div {\n    width: 100%;\n    height: 100%;\n    border: 0.5px solid #e2e2e2;\n}\n\n.canvas_whiteboard_button-clear {\n    padding-top: 5px;\n}\n\n.canvas_whiteboard {\n    position: absolute;\n    z-index: 1;\n}\n\n.incomplete_shapes_canvas_whiteboard {\n    position: absolute;\n    z-index: 2;\n}\n\n"},"origins":{"CanvasWhiteboardComponent":"./src/canvas-whiteboard.component","CanvasWhiteboardUpdate":"./src/canvas-whiteboard-update.model","CanvasWhiteboardService":"./src/canvas-whiteboard.service","CanvasWhiteboardOptions":"./src/canvas-whiteboard-options","CanvasWhiteboardPoint":"./src/canvas-whiteboard-point","CanvasWhiteboardShape":"./src/shapes/canvas-whiteboard-shape","CanvasWhiteboardShapeOptions":"./src/shapes/canvas-whiteboard-shape-options","CanvasWhiteboardShapeService":"./src/shapes/canvas-whiteboard-shape.service","RectangleShape":"./src/shapes/rectangle-shape","CircleShape":"./src/shapes/circle-shape","CanvasWhiteboardShapeSelectorComponent":"./src/shapes/canvas-whiteboard-shape-selector.component","CanvasWhiteboardColorPickerComponent":"./src/canvas-whiteboard-colorpicker.component","CanvasWhiteboardShapePreviewComponent":"./src/shapes/canvas-whiteboard-shape-preview.component","CanvasWhiteboardModule":"./src/ng2-canvas-whiteboard.module","DEFAULT_STYLES":"./src/template"},"importAs":"ng2-canvas-whiteboard"}